train/reward,time/iterations,time/total_timesteps,time/fps,time/time_elapsed,train/std,train/entropy_loss,train/learning_rate,train/approx_kl,train/value_loss,train/explained_variance,train/clip_range,train/policy_gradient_loss,train/loss,train/n_updates,train/clip_fraction
0.8464679,1,2048,101,20,,,,,,,,,,,
-0.5941218,2,4096,98,41,1.0009257793426514,-41.16590762138367,0.00025,0.014071783,11.979587781429291,-0.01887047290802002,0.2,-0.02547798682062421,4.2237420082092285,10,0.207666015625
2.3049076,3,6144,84,72,1.0038889646530151,-41.22640533447266,0.00025,0.019984026,40.26980532407761,-0.0022143125534057617,0.2,-0.012925282929791138,20.146371841430664,20,0.2076171875
0.8647241,4,8192,86,94,1.0043091773986816,-41.27033629417419,0.00025,0.017844614,26.530282443761827,-0.013981103897094727,0.2,-0.01762806558399461,8.32412052154541,30,0.167578125
-1.5358621,5,10240,88,115,1.004009485244751,-41.266658020019534,0.00025,0.016543735,25.285164487361907,-0.004713773727416992,0.2,-0.020077317353570833,14.827167510986328,40,0.187353515625
-0.047350213,6,12288,89,136,1.0064468383789062,-41.2939754486084,0.00025,0.01994372,95.17076417207718,-0.011651396751403809,0.2,-0.02531871513929218,49.96660614013672,50,0.232470703125
0.72025836,7,14336,90,158,1.0072722434997559,-41.349676084518435,0.00025,0.020673312,57.62592759132385,-0.002389073371887207,0.2,-0.015962002813466825,20.699918746948242,60,0.24443359375
-4.184035,8,16384,91,179,1.0087603330612183,-41.378599405288696,0.00025,0.02313115,20.594398671388625,-0.035286545753479004,0.2,-0.02515504158800468,6.490391254425049,70,0.196630859375
1.2143294,9,18432,91,200,1.0122437477111816,-41.45343730449677,0.00025,0.024652125,36.89279296398163,0.0017681121826171875,0.2,-0.021676419326104222,11.406189918518066,80,0.25966796875
-3.54679,10,20480,92,222,1.014143705368042,-41.52116491794586,0.00025,0.022827497,51.86471837759018,0.013864457607269287,0.2,-0.016340220210258848,18.8056640625,90,0.245361328125
0.43841287,11,22528,92,243,1.0144797563552856,-41.554737734794614,0.00025,0.014263445,70.16878859996795,0.0024758577346801758,0.2,-0.01981081590638496,28.91104507446289,100,0.172265625
0.25114605,12,24576,92,265,1.0150476694107056,-41.577206540107724,0.00025,0.018936016,25.67597941160202,-0.016262173652648926,0.2,-0.02218104744388256,12.42072582244873,110,0.208984375
-0.16758196,13,26624,92,286,1.0163788795471191,-41.58897130489349,0.00025,0.022481855,88.4037711262703,-0.0059136152267456055,0.2,-0.011104061227524654,26.30678939819336,120,0.19365234375
7.6249747,14,28672,93,308,1.0183866024017334,-41.64230937957764,0.00025,0.019875322,126.86829080581666,0.011898577213287354,0.2,-0.015513816382735968,38.838035583496094,130,0.205419921875
0.09131312,15,30720,93,329,1.0207394361495972,-41.70162143707275,0.00025,0.031077825,20.605665880441666,0.0242578387260437,0.2,-0.016565257305046543,8.836784362792969,140,0.266943359375
0.1991303,16,32768,93,350,1.0219289064407349,-41.75491850376129,0.00025,0.017806757,104.89952983856202,0.024446487426757812,0.2,-0.015983681700890883,39.710086822509766,150,0.200537109375
-2.655604,17,34816,93,372,1.0232378244400024,-41.79175345897674,0.00025,0.016501501,80.07840512990951,-0.005604386329650879,0.2,-0.010427284240722656,22.847620010375977,160,0.184521484375
-4.239983,18,36864,93,393,1.0250935554504395,-41.83456790447235,0.00025,0.030191297,42.10365669727325,0.013950705528259277,0.2,-0.014776228467235341,23.04350471496582,170,0.25869140625
-0.66356057,19,38912,93,415,1.0269269943237305,-41.887748169898984,0.00025,0.026370283,141.99733984470367,0.008416354656219482,0.2,-0.016652773570967838,90.77728271484375,180,0.296435546875
-3.4053152,20,40960,93,436,1.0281562805175781,-41.930618691444394,0.00025,0.028396824,120.77433254718781,0.02033168077468872,0.2,-0.011601167992921546,72.6982192993164,190,0.2078125
-0.05128065,21,43008,93,458,1.0304816961288452,-41.99082698822021,0.00025,0.029741425,28.540257036685944,-0.007454276084899902,0.2,-0.015247635077685118,11.445963859558105,200,0.350439453125
-0.09171505,22,45056,93,479,1.0315109491348267,-42.03100996017456,0.00025,0.018961698,67.43043351173401,0.019543230533599854,0.2,-0.01511905124061741,25.728967666625977,210,0.188916015625
1.3672969,23,47104,93,501,1.0321943759918213,-42.055515670776366,0.00025,0.02219483,51.15923371315002,0.02248150110244751,0.2,-0.011282073316397145,23.770036697387695,220,0.234033203125
1.2941539,24,49152,94,522,1.0324610471725464,-42.06775951385498,0.00025,0.026781434,69.08919730186463,0.0031285881996154785,0.2,-0.008209133089985698,47.58489227294922,230,0.2068359375
1.4285996,25,51200,94,543,1.0327389240264893,-42.07756111621857,0.00025,0.020375868,23.962217301130295,0.009334981441497803,0.2,-0.018306176870828493,11.231019973754883,240,0.235400390625
