train/reward,time/iterations,time/total_timesteps,train/std,time/fps,train/entropy_loss,train/learning_rate,time/time_elapsed,train/value_loss,train/explained_variance,train/n_updates,train/policy_loss
0.07267304,100,500,1.005568027496338,64,-41.29812240600586,0.0007,7,0.7584754228591919,-0.14376842975616455,99,-23.846689224243164
0.064359315,200,1000,1.006126880645752,69,-41.31632995605469,0.0007,14,1.7382529973983765,0.19521450996398926,199,45.68756103515625
-3.594231,300,1500,1.006151556968689,72,-41.322914123535156,0.0007,20,6.3723464012146,-0.011100530624389648,299,-9.349334716796875
7.6523466,400,2000,1.0065007209777832,73,-41.339637756347656,0.0007,27,25.07733154296875,-1.1920928955078125e-07,399,55.459877014160156
-2.3835037,500,2500,1.0054868459701538,75,-41.30226135253906,0.0007,33,167.23570251464844,0.0,499,-529.850830078125
0.3057608,600,3000,1.005429744720459,75,-41.29616928100586,0.0007,39,0.16211740672588348,-1.1920928955078125e-07,599,11.165209770202637
-1.2392466,700,3500,1.0069648027420044,76,-41.339759826660156,0.0007,45,0.36588054895401,0.03613889217376709,699,21.045888900756836
-0.07972236,800,4000,1.0076203346252441,76,-41.3616828918457,0.0007,52,3.203306198120117,1.1920928955078125e-07,799,-58.80192184448242
4.0726056,900,4500,1.0081746578216553,76,-41.378173828125,0.0007,58,58.30934524536133,0.0,899,-241.9172821044922
6.511381,1000,5000,1.0113028287887573,78,-41.465492248535156,0.0007,64,191.02122497558594,-1.1920928955078125e-07,999,-132.5960235595703
-0.55842865,1100,5500,1.0114946365356445,78,-41.47509765625,0.0007,69,17.54109764099121,0.0,1099,8.920251846313477
-0.5640193,1200,6000,1.012956142425537,79,-41.51172637939453,0.0007,75,23.261260986328125,0.06468099355697632,1199,-197.5802459716797
0.27345935,1300,6500,1.0118731260299683,80,-41.47328567504883,0.0007,80,7.484012126922607,-0.05453503131866455,1299,-99.24534606933594
1.6278949,1400,7000,1.0127007961273193,80,-41.504207611083984,0.0007,86,9.040536880493164,0.0,1399,102.31511688232422
-0.036374703,1500,7500,1.0150036811828613,80,-41.560089111328125,0.0007,93,6.931911468505859,0.0,1499,56.78532791137695
-0.09605492,1600,8000,1.0121995210647583,80,-41.487972259521484,0.0007,99,28.132596969604492,0.0,1599,156.67263793945312
11.74294,1700,8500,1.0125749111175537,80,-41.5045166015625,0.0007,106,314.4530029296875,0.0,1699,658.9086303710938
1.1561251,1800,9000,1.01044499874115,80,-41.435340881347656,0.0007,112,13.69285774230957,0.09810727834701538,1799,-125.63643646240234
0.4721708,1900,9500,1.0109375715255737,80,-41.44873809814453,0.0007,118,6.258676052093506,0.12456226348876953,1899,-90.39395904541016
0.5697241,2000,10000,1.012447476387024,79,-41.48847961425781,0.0007,125,1.2236610651016235,-1.1920928955078125e-07,1999,31.057113647460938
3.5267413,2100,10500,1.0144435167312622,79,-41.546791076660156,0.0007,131,5.517879009246826,0.0,2099,-64.8876953125
-2.406042,2200,11000,1.0142360925674438,79,-41.54201889038086,0.0007,137,1.2162126302719116,-1.1920928955078125e-07,2199,1.1017792224884033
2.5033479,2300,11500,1.015701413154602,79,-41.59281921386719,0.0007,144,83.94435119628906,0.0,2299,318.5619812011719
0.22130588,2400,12000,1.0136055946350098,80,-41.527828216552734,0.0007,149,1.4254785776138306,0.23317742347717285,2399,-6.439755439758301
0.87280834,2500,12500,1.0135161876678467,80,-41.521705627441406,0.0007,155,1.3941818475723267,0.0,2499,-30.39325523376465
0.9891461,2600,13000,1.0153248310089111,80,-41.570552825927734,0.0007,160,1.959829330444336,0.0,2599,46.63035202026367
-0.8549945,2700,13500,1.014323353767395,81,-41.54457473754883,0.0007,166,1.014244794845581,5.960464477539063e-08,2699,24.46922492980957
2.378846,2800,14000,1.0144261121749878,81,-41.55029296875,0.0007,172,59.30669021606445,0.1206672191619873,2799,-314.6902770996094
0.20615964,2900,14500,1.0136076211929321,81,-41.526973724365234,0.0007,177,49.98279571533203,-1.1920928955078125e-07,2899,258.6349182128906
-1.3989397,3000,15000,1.0130237340927124,81,-41.50791931152344,0.0007,183,0.260058730840683,0.08511298894882202,2999,2.3323745727539062
0.26068678,3100,15500,1.0134459733963013,81,-41.51953887939453,0.0007,189,4.004113674163818,0.09432119131088257,3099,-76.36273956298828
0.46731293,3200,16000,1.0156503915786743,82,-41.582942962646484,0.0007,194,4.045731067657471,1.1920928955078125e-07,3199,-7.628509521484375
0.5529484,3300,16500,1.0163239240646362,82,-41.597652435302734,0.0007,200,2.448378324508667,0.0,3299,61.563228607177734
0.8241316,3400,17000,1.0178130865097046,82,-41.63067626953125,0.0007,206,33.045745849609375,0.0,3399,-136.1153106689453
1.4900507,3500,17500,1.0178155899047852,82,-41.6339225769043,0.0007,211,7.737675666809082,0.0,3499,19.0764217376709
0.2635684,3600,18000,1.0171459913253784,82,-41.612403869628906,0.0007,217,1.7220267057418823,0.0,3599,55.89368438720703
-1.5851344,3700,18500,1.0183254480361938,82,-41.648109436035156,0.0007,223,1.1922966241836548,0.0,3699,-17.82075309753418
0.046691786,3800,19000,1.0205694437026978,82,-41.71772384643555,0.0007,229,23.363733291625977,0.0,3799,175.3375244140625
-0.04303291,3900,19500,1.0205111503601074,83,-41.71943283081055,0.0007,234,2.875385046005249,0.0,3899,37.44508361816406
-8.175874,4000,20000,1.0194295644760132,83,-41.68132400512695,0.0007,240,37.14332962036133,0.0,3999,-236.95535278320312
-2.0951629,4100,20500,1.019881010055542,83,-41.6953239440918,0.0007,245,36.15263748168945,-1.1920928955078125e-07,4099,-178.4803924560547
-1.3072022,4200,21000,1.0198780298233032,83,-41.69141387939453,0.0007,251,0.7933979630470276,0.028706490993499756,4199,13.705161094665527
1.0388495,4300,21500,1.0209829807281494,83,-41.72401428222656,0.0007,257,6.2410969734191895,1.1920928955078125e-07,4299,96.66825866699219
-2.0946152,4400,22000,1.021775245666504,83,-41.73701477050781,0.0007,262,7.1939697265625,0.0,4399,-95.9271240234375
2.4245188,4500,22500,1.0235438346862793,83,-41.79786682128906,0.0007,268,6.336850166320801,-0.03963756561279297,4499,80.61788177490234
-0.20393048,4600,23000,1.0242934226989746,83,-41.81179428100586,0.0007,274,8.057809829711914,0.0,4599,78.56109619140625
4.918915,4700,23500,1.0256510972976685,83,-41.85945129394531,0.0007,279,5.841475486755371,1.1920928955078125e-07,4699,49.1757926940918
-0.6717333,4800,24000,1.0258406400680542,84,-41.84904861450195,0.0007,285,1.195624589920044,0.0,4799,-39.67873764038086
-0.14859928,4900,24500,1.0276726484298706,84,-41.908477783203125,0.0007,291,1.078866958618164,-1.1920928955078125e-07,4899,25.433320999145508
0.7661554,5000,25000,1.0253000259399414,84,-41.83793640136719,0.0007,297,0.5226446390151978,0.0,4999,-24.22405433654785
-0.057498295,5100,25500,1.026827335357666,84,-41.885005950927734,0.0007,302,4.589069843292236,1.1920928955078125e-07,5099,78.3846435546875
2.2221034,5200,26000,1.0256046056747437,84,-41.85346984863281,0.0007,308,2.4098174571990967,-0.002918839454650879,5199,20.401273727416992
-3.9571447,5300,26500,1.0229138135910034,84,-41.77112579345703,0.0007,314,8.298530578613281,0.0,5299,115.4229736328125
-0.98817873,5400,27000,1.0249232053756714,84,-41.83887481689453,0.0007,319,3.8593692779541016,0.0,5399,-84.19147491455078
2.4713266,5500,27500,1.0274611711502075,84,-41.90544128417969,0.0007,325,2.2573530673980713,0.0,5499,53.4799690246582
0.5977123,5600,28000,1.0269074440002441,84,-41.88493728637695,0.0007,331,8.370549201965332,0.0,5599,-56.64177322387695
2.89325,5700,28500,1.0275741815567017,84,-41.9102783203125,0.0007,337,3.0079143047332764,0.0,5699,-51.7586784362793
3.5352142,5800,29000,1.0269750356674194,84,-41.898677825927734,0.0007,342,59.7772102355957,0.0,5799,157.019775390625
1.6703689,5900,29500,1.0276501178741455,84,-41.903968811035156,0.0007,348,54.895729064941406,0.0,5899,-257.43133544921875
0.21078177,6000,30000,1.0269968509674072,84,-41.89115524291992,0.0007,354,21.14751625061035,0.0,5999,-182.4930877685547
1.0614548,6100,30500,1.0287659168243408,84,-41.942604064941406,0.0007,359,3.643073320388794,0.0012410879135131836,6099,60.03463363647461
-1.0296232,6200,31000,1.0263822078704834,84,-41.87141418457031,0.0007,365,28.46881675720215,0.0,6199,-151.3492889404297
1.8744787,6300,31500,1.0296237468719482,84,-41.96260070800781,0.0007,371,1.6997677087783813,-1.1920928955078125e-07,6299,-25.023624420166016
4.9625707,6400,32000,1.03031325340271,84,-41.981605529785156,0.0007,376,85.1158676147461,0.0,6399,362.4789733886719
5.8996987,6500,32500,1.02946937084198,84,-41.94985580444336,0.0007,382,123.61354064941406,-1.1920928955078125e-07,6499,-450.95343017578125
-2.7083905,6600,33000,1.03092360496521,84,-41.98930358886719,0.0007,388,17.326030731201172,-0.1982572078704834,6599,-174.72828674316406
0.35296327,6700,33500,1.0306259393692017,85,-41.97865676879883,0.0007,393,1.4112160205841064,0.0,6699,45.30572509765625
-2.3347697,6800,34000,1.0296947956085205,85,-41.95634841918945,0.0007,399,2.6081879138946533,0.0,6799,37.00830078125
2.7726896,6900,34500,1.029199242591858,85,-41.939693450927734,0.0007,405,4.065658092498779,0.0,6899,-19.94813346862793
-1.8849363,7000,35000,1.029871940612793,85,-41.9515266418457,0.0007,410,10.729820251464844,-0.004243731498718262,6999,133.9117431640625
0.645144,7100,35500,1.030138611793518,85,-41.959896087646484,0.0007,416,0.039596859365701675,-1.1920928955078125e-07,7099,-5.599785327911377
0.9804518,7200,36000,1.0320398807525635,85,-42.01622009277344,0.0007,421,5.371591567993164,-1.1920928955078125e-07,7199,87.63675689697266
-2.094569,7300,36500,1.03206467628479,85,-42.01481628417969,0.0007,427,1.4011889696121216,1.1920928955078125e-07,7299,-46.034210205078125
0.74452525,7400,37000,1.0299893617630005,85,-41.95835876464844,0.0007,433,29.22212028503418,-0.22557520866394043,7399,-196.24429321289062
4.531036,7500,37500,1.030137062072754,85,-41.95936584472656,0.0007,439,0.37273213267326355,-1.1920928955078125e-07,7499,-9.735660552978516
7.0973096,7600,38000,1.0291070938110352,85,-41.92366027832031,0.0007,444,18.050302505493164,0.0,7599,139.70933532714844
-0.90183115,7700,38500,1.0289692878723145,85,-41.92481231689453,0.0007,450,0.4189382493495941,-0.19672369956970215,7699,-19.71624755859375
-0.4697333,7800,39000,1.0291081666946411,85,-41.92747497558594,0.0007,455,0.6447518467903137,-0.6399297714233398,7799,-10.842068672180176
1.6482211,7900,39500,1.0292010307312012,85,-41.919776916503906,0.0007,461,3.7762527465820312,0.0,7899,-62.1104850769043
-0.49095783,8000,40000,1.0293337106704712,85,-41.935211181640625,0.0007,467,11.070037841796875,0.0,7999,-131.38211059570312
7.2720246,8100,40500,1.0312937498092651,85,-41.98975372314453,0.0007,472,26.7843074798584,0.0,8099,-151.4330291748047
-11.638029,8200,41000,1.0316927433013916,85,-41.99251937866211,0.0007,478,2214.490234375,-1.1920928955078125e-07,8199,-1835.1744384765625
-1.1153766,8300,41500,1.0303808450698853,85,-41.94607162475586,0.0007,484,22.4975643157959,-0.08101296424865723,8299,-152.1471405029297
-0.23899424,8400,42000,1.0316332578659058,85,-41.980262756347656,0.0007,490,0.4068605601787567,0.0,8399,-19.414165496826172
1.5789757,8500,42500,1.0317937135696411,85,-41.984779357910156,0.0007,495,0.20453976094722748,0.0,8499,2.023561954498291
1.8188586,8600,43000,1.0325886011123657,85,-42.01313400268555,0.0007,501,3.2521913051605225,1.1920928955078125e-07,8599,46.30833053588867
2.7264662,8700,43500,1.0305880308151245,85,-41.954566955566406,0.0007,507,93.40425109863281,0.0,8699,-363.0634460449219
-1.211949,8800,44000,1.0325627326965332,85,-42.01261901855469,0.0007,512,31.906845092773438,0.0,8799,-175.98143005371094
1.1552749,8900,44500,1.0355525016784668,85,-42.0980224609375,0.0007,518,1.424843668937683,-0.0004807710647583008,8899,43.3949089050293
0.7741045,9000,45000,1.035227656364441,85,-42.08933639526367,0.0007,524,7.133591651916504,-0.000634312629699707,8999,99.84734344482422
1.0515238,9100,45500,1.0354981422424316,85,-42.08924865722656,0.0007,529,0.7912299036979675,0.0,9099,-1.6285812854766846
-0.50680757,9200,46000,1.0374678373336792,85,-42.142086029052734,0.0007,535,21.33883285522461,0.0,9199,170.929931640625
2.1796777,9300,46500,1.0385026931762695,85,-42.17377471923828,0.0007,541,16.149770736694336,0.0,9299,160.4232635498047
-1.3986456,9400,47000,1.0374242067337036,85,-42.14675521850586,0.0007,546,24.202234268188477,5.960464477539063e-08,9399,137.19418334960938
0.4334516,9500,47500,1.0380334854125977,85,-42.15578842163086,0.0007,552,0.5088775157928467,0.0,9499,13.490736961364746
0.6303516,9600,48000,1.0401742458343506,85,-42.211036682128906,0.0007,558,0.34617072343826294,1.1920928955078125e-07,9599,-9.641623497009277
-1.8557392,9700,48500,1.0421876907348633,86,-42.27539825439453,0.0007,563,0.8000054359436035,0.02172297239303589,9699,-18.22064208984375
-0.34641787,9800,49000,1.0419012308120728,86,-42.261329650878906,0.0007,569,44.211429595947266,0.0,9799,-264.4261474609375
0.59210384,9900,49500,1.0424245595932007,86,-42.28169250488281,0.0007,575,1.9339370727539062,0.001053452491760254,9899,-19.240833282470703
-10.046767,10000,50000,1.04449462890625,86,-42.33595275878906,0.0007,581,3.7361221313476562,1.1920928955078125e-07,9999,-18.627912521362305
