,date,account_value
0,2021-10-01,1000000.0
1,2021-10-04,998657.1633528022
2,2021-10-05,1001007.5879545173
3,2021-10-06,1002373.3472052611
4,2021-10-07,1006057.1705837592
5,2021-10-08,1006471.0277232092
6,2021-10-11,998417.4004523847
7,2021-10-12,994641.3585271452
8,2021-10-13,991137.6686957092
9,2021-10-14,998590.5719692
10,2021-10-15,1016894.9931289902
11,2021-10-18,1022090.1139172706
12,2021-10-19,1023742.4397251816
13,2021-10-20,1019773.8768899764
14,2021-10-21,1015926.64251836
15,2021-10-22,1019822.5781118202
16,2021-10-25,1020366.832333805
17,2021-10-26,1020033.9500997238
18,2021-10-27,1008183.2003616866
19,2021-10-28,1016090.6742029266
20,2021-10-29,1015098.9067364349
21,2021-11-01,1029251.0943188171
22,2021-11-02,1037776.7724679756
23,2021-11-03,1035909.1911638832
24,2021-11-04,1026678.2310934486
25,2021-11-05,1034607.2889395179
26,2021-11-08,1034047.1936445655
27,2021-11-09,1028903.409503025
28,2021-11-10,1019417.5007315101
29,2021-11-11,1021788.2984915199
30,2021-11-12,1026643.7012129249
31,2021-11-15,1034100.6633787574
32,2021-11-16,1024545.1482191505
33,2021-11-17,1014595.2512007179
34,2021-11-18,1011674.5808592262
35,2021-11-19,998190.6206465187
36,2021-11-22,999886.0439863624
37,2021-11-23,1010574.7468748512
38,2021-11-24,1004877.3481703224
39,2021-11-26,976613.6074781837
40,2021-11-29,979204.5563647194
41,2021-11-30,962354.0708376808
42,2021-12-01,944249.7377878609
43,2021-12-02,971887.4105251159
44,2021-12-03,965733.8822620239
45,2021-12-06,988133.935423645
46,2021-12-07,1007562.8434589233
47,2021-12-08,1008260.1381175842
48,2021-12-09,1004434.7770755615
49,2021-12-10,998702.7765872802
50,2021-12-13,987090.2441280212
51,2021-12-14,988384.8126144332
52,2021-12-15,997155.2773246688
53,2021-12-16,1002671.343666069
54,2021-12-17,986243.6492767257
55,2021-12-20,968295.325672142
56,2021-12-21,989164.9665794296
57,2021-12-22,995032.3608894271
58,2021-12-23,1003131.0162391586
59,2021-12-27,1009334.1377830429
60,2021-12-28,1011226.6626243514
61,2021-12-29,1010085.0411338729
62,2021-12-30,1006930.7647056503
63,2021-12-31,1002236.3059425277
64,2022-01-03,1020889.047245018
65,2022-01-04,1038501.5167694015
66,2022-01-05,1021993.6604347152
67,2022-01-06,1020765.4688033981
68,2022-01-07,1025775.909076683
69,2022-01-10,1023875.602474205
70,2022-01-11,1034466.9595870895
71,2022-01-12,1024776.9115829391
72,2022-01-13,1028091.2037162704
73,2022-01-14,1025181.2627792282
74,2022-01-18,997051.5390243453
75,2022-01-19,979978.7877044601
76,2022-01-20,972685.0153083724
77,2022-01-21,959299.6525306625
78,2022-01-24,957012.2286147994
79,2022-01-25,950805.1779327316
80,2022-01-26,940314.9475288314
81,2022-01-27,936384.4034233016
82,2022-01-28,951017.2666358871
83,2022-01-31,968148.4361572189
84,2022-02-01,984400.8693089981
85,2022-02-02,983189.6101107711
86,2022-02-03,968468.4066931687
87,2022-02-04,974867.0020873032
88,2022-02-07,980607.697918602
89,2022-02-08,1000813.5181395493
90,2022-02-09,1004608.3120810471
91,2022-02-10,992590.9348074875
92,2022-02-11,975337.8051726304
93,2022-02-14,967948.4857603989
94,2022-02-15,980683.0753447495
95,2022-02-16,976081.3838011704
96,2022-02-17,955597.7561232529
97,2022-02-18,946840.5478522263
98,2022-02-22,937322.3111578904
99,2022-02-23,927061.0471045456
100,2022-02-24,928401.4340064011
101,2022-02-25,952224.320210167
102,2022-02-28,946225.5847556076
103,2022-03-01,923217.7720305405
104,2022-03-02,940003.4041335068
105,2022-03-03,931531.8317343674
106,2022-03-04,921535.6054083786
107,2022-03-07,899297.7141386948
108,2022-03-08,898911.949368187
109,2022-03-09,917491.8525206528
110,2022-03-10,908686.3398787461
111,2022-03-11,907974.4151274643
112,2022-03-14,905297.6028258286
113,2022-03-15,919955.3652274094
114,2022-03-16,942147.6620184861
115,2022-03-17,952353.6125075303
116,2022-03-18,959582.3100859604
117,2022-03-21,946756.4880072556
118,2022-03-22,956868.2275740586
119,2022-03-23,940736.7261015854
120,2022-03-24,949336.916039177
121,2022-03-25,952560.3928343735
122,2022-03-28,953832.5232741318
123,2022-03-29,967040.0443160019
124,2022-03-30,964516.6379630051
125,2022-03-31,954168.3829810105
126,2022-04-01,955709.0521180648
127,2022-04-04,957148.9175164718
128,2022-04-05,943301.5874574203
129,2022-04-06,937260.9293611068
130,2022-04-07,937768.3021180648
131,2022-04-08,940669.8551118392
132,2022-04-11,936752.5149171371
133,2022-04-12,935852.4925096054
134,2022-04-13,948365.1543252487
135,2022-04-14,947814.7834908981
136,2022-04-18,950872.7943704147
137,2022-04-19,966845.8623902816
138,2022-04-20,971622.6040360946
139,2022-04-21,960277.0331742782
140,2022-04-22,930835.7985742111
141,2022-04-25,936373.6027429122
142,2022-04-26,914071.502103569
143,2022-04-27,905964.5765779037
144,2022-04-28,906746.3741281051
145,2022-04-29,879345.515069725
146,2022-05-02,880736.5481660385
147,2022-05-03,889366.3930451889
148,2022-05-04,913565.7477281112
149,2022-05-05,888286.6210382003
150,2022-05-06,888454.8429086227
151,2022-05-09,869585.0576646347
152,2022-05-10,866546.9725816268
153,2022-05-11,858559.17194915
154,2022-05-12,854710.2669885177
155,2022-05-13,866868.4790322799
156,2022-05-16,863458.7820451278
157,2022-05-17,879483.0131127853
158,2022-05-18,855857.0845429916
159,2022-05-19,856504.068471672
160,2022-05-20,854325.250150444
161,2022-05-23,872406.0276505966
162,2022-05-24,872060.9672296066
163,2022-05-25,877677.0984437484
164,2022-05-26,893582.9382760543
165,2022-05-27,907726.8310830612
166,2022-05-31,906084.7288568038
167,2022-06-01,901209.6851861496
168,2022-06-02,911335.3043153305
169,2022-06-03,904265.538961174
170,2022-06-06,902345.9935624618
171,2022-06-07,908297.1495263595
172,2022-06-08,899968.6741197128
173,2022-06-09,877918.4760644455
174,2022-06-10,848449.2551324386
175,2022-06-13,827337.4126527328
176,2022-06-14,829042.1883065719
177,2022-06-15,846384.7028329391
178,2022-06-16,829465.8557984848
179,2022-06-17,831780.0021569747
180,2022-06-21,845147.1088082809
181,2022-06-22,846551.235231163
182,2022-06-23,848863.8345849533
183,2022-06-24,879926.3102242965
184,2022-06-27,874195.4745347518
185,2022-06-28,865967.6006143112
186,2022-06-29,872125.5069520492
187,2022-06-30,860173.6458451767
188,2022-07-01,871186.635911705
189,2022-07-05,868019.3291604538
190,2022-07-06,862348.512410881
191,2022-07-07,875028.1532228012
192,2022-07-08,873072.5860269088
193,2022-07-11,866242.2285249252
194,2022-07-12,868784.7019860763
195,2022-07-13,863602.24982238
196,2022-07-14,855602.5277726669
197,2022-07-15,873819.5980660934
198,2022-07-18,873835.2321984787
199,2022-07-19,904321.6679971237
200,2022-07-20,909614.4456117172
201,2022-07-21,916421.1139695663
202,2022-07-22,910482.6883866806
203,2022-07-25,910392.7056872139
204,2022-07-26,907736.0031496773
205,2022-07-27,919167.6850497017
206,2022-07-28,927740.8758379708
207,2022-07-29,933362.4164492378
208,2022-08-01,937421.1018358956
209,2022-08-02,922724.7006060372
210,2022-08-03,935603.5726229439
211,2022-08-04,933871.3855425606
212,2022-08-05,933858.2710940132
213,2022-08-08,934134.2662722359
214,2022-08-09,935465.1762224922
215,2022-08-10,956497.1020647774
216,2022-08-11,954308.1145464669
217,2022-08-12,961309.8412768135
218,2022-08-15,968064.738485981
219,2022-08-16,971659.8109499703
220,2022-08-17,965354.1204058419
221,2022-08-18,966721.5761935005
222,2022-08-19,956837.4291826973
223,2022-08-22,938315.3889529
224,2022-08-23,934910.3351198921
225,2022-08-24,939702.1813570748
226,2022-08-25,950077.5270144234
227,2022-08-26,924127.4996554146
228,2022-08-29,919061.0353914986
229,2022-08-30,913156.2276827584
230,2022-08-31,912117.4227053414
231,2022-09-01,913456.4802462349
232,2022-09-02,905050.4067217598
233,2022-09-06,900163.8287798653
234,2022-09-07,912396.8926455269
235,2022-09-08,920949.0341631661
236,2022-09-09,930529.086935688
237,2022-09-12,926257.5605837593
238,2022-09-13,885213.528921772
239,2022-09-14,888561.8405062447
240,2022-09-15,888292.8886019478
241,2022-09-16,881585.8647753487
242,2022-09-19,886040.2802721749
243,2022-09-20,876332.0563494454
244,2022-09-21,864403.7359682808
245,2022-09-22,856316.9901568184
246,2022-09-23,836134.0664507637
247,2022-09-26,824468.379958271
248,2022-09-27,817677.3478194561
249,2022-09-28,838119.8816448402
250,2022-09-29,822146.7955700111
251,2022-09-30,809674.0433384132
252,2022-10-03,829611.6981655312
253,2022-10-04,858058.0886493874
254,2022-10-05,852235.4434429359
255,2022-10-06,842756.8906780434
256,2022-10-07,832095.6006466103
257,2022-10-10,835587.7958599281
258,2022-10-11,842858.8285137367
259,2022-10-12,844114.8112903786
260,2022-10-13,867796.1746250343
261,2022-10-14,857165.2482105446
262,2022-10-17,871462.8044582558
263,2022-10-18,882107.9677005959
264,2022-10-19,877628.2462955666
265,2022-10-20,875659.1760250282
266,2022-10-21,900931.9639126015
267,2022-10-24,916065.643581028
268,2022-10-25,925217.4717136574
269,2022-10-26,922965.8718830299
270,2022-10-27,936577.4503704262
271,2022-10-28,958342.2470623207
272,2022-10-31,953788.220382328
273,2022-11-01,959038.364738102
274,2022-11-02,954229.6304660988
275,2022-11-03,958549.2589489174
276,2022-11-04,973957.8626362038
277,2022-11-07,992469.9928775978
278,2022-11-08,1014080.7527958107
279,2022-11-09,1005159.7638851356
280,2022-11-10,1035670.7190433693
281,2022-11-11,1035833.6142383766
282,2022-11-14,1030312.5065876198
283,2022-11-15,1029618.0596882057
284,2022-11-16,1028555.0234256935
285,2022-11-17,1028285.4637104225
286,2022-11-18,1028911.6438251686
287,2022-11-21,1030491.4510837746
288,2022-11-22,1035441.0642658424
289,2022-11-23,1036353.9565159035
290,2022-11-25,1042503.2203632545
291,2022-11-28,1028590.2237430763
292,2022-11-29,1031131.4539676857
293,2022-11-30,1048578.291171665
294,2022-12-01,1040291.8587452126
295,2022-12-02,1042486.843089695
296,2022-12-05,1030100.041980381
297,2022-12-06,1013948.4749714088
298,2022-12-07,1011118.3181415749
299,2022-12-08,1013418.8784061623
300,2022-12-09,1005984.4826008034
301,2022-12-12,1018234.3153263283
302,2022-12-13,1020191.3764988136
303,2022-12-14,1012340.5617405128
304,2022-12-15,990076.3756519508
305,2022-12-16,985939.2401691627
306,2022-12-19,983235.9464298439
307,2022-12-20,985517.9485355568
308,2022-12-21,1001657.9802509499
309,2022-12-22,987393.803912754
310,2022-12-23,988522.7643772316
311,2022-12-27,986253.1740299416
312,2022-12-28,979528.1487232399
313,2022-12-29,986335.3645206642
314,2022-12-30,985480.5542713356
315,2023-01-03,991280.5121189308
316,2023-01-04,1003124.418719883
317,2023-01-05,999959.6425586891
318,2023-01-06,1025595.9449955177
319,2023-01-09,1021118.3198467445
320,2023-01-10,1028626.4527431679
321,2023-01-11,1034787.0976291847
322,2023-01-12,1043688.129657383
323,2023-01-13,1049813.644927616
324,2023-01-17,1025697.8358379555
325,2023-01-18,1011700.7313381386
326,2023-01-19,1006260.0043178749
327,2023-01-20,1004592.0373874855
328,2023-01-23,1013970.801166172
329,2023-01-24,1014998.5637737465
330,2023-01-25,1015796.4601551247
331,2023-01-26,1023327.7606464577
332,2023-01-27,1019203.0692783546
333,2023-01-30,1017294.5139843178
334,2023-01-31,1026139.4926335793
335,2023-02-01,1022022.0518910866
336,2023-02-02,1019664.6550252419
337,2023-02-03,1015404.406245945
338,2023-02-06,1017403.9641835671
339,2023-02-07,1027455.8536145668
340,2023-02-08,1020600.4748227578
341,2023-02-09,1012156.584560154
342,2023-02-10,1017500.7654836159
343,2023-02-13,1027333.303851841
344,2023-02-14,1025168.4851949196
345,2023-02-15,1026895.6248891335
346,2023-02-16,1010948.5761144143
347,2023-02-17,1016936.9872891884
348,2023-02-21,999119.3360898476
349,2023-02-22,996795.7130658608
350,2023-02-23,1002097.4980924111
351,2023-02-24,987831.7238309365
352,2023-02-27,993550.6171033364
