,a2c,ddpg,td3,ppo,sac,mean var,dji
2021-10-26,1020033.9500997238,1045583.0937939988,1034059.1444988556,1018466.5021175077,1052114.0373467868,1001475.8582371677,1041671.0004376635
2021-10-27,1008183.2003616866,1032112.6466809617,1029351.7414150543,1018752.1476892622,1042547.8163499301,1000531.2817496504,1033916.4142458431
2021-10-28,1016090.6742029266,1033598.0858975755,1035352.3124523468,1020643.966731052,1045628.854683823,1008047.678446525,1040901.9599721152
2021-10-29,1015098.9067364349,1035179.2309857713,1035684.7122173614,1022538.6786874577,1048410.5065164035,1009308.3680409645,1043496.9879058771
2021-11-01,1029251.0943188171,1036029.0857945787,1043367.4343929596,1018341.4058855014,1046960.7649964755,1000506.4938832403,1046243.5935105638
2021-11-02,1037776.7724679756,1034675.7220860826,1050927.3437290497,1021392.8637541269,1049191.7591752475,1002444.2549965566,1050286.8027057296
2021-11-03,1035909.1911638832,1038772.2578183518,1054829.507322342,1025257.4535739701,1056358.5625543064,1011535.5196748306,1053344.1880546326
2021-11-04,1026678.2310934486,1039313.6790524827,1052965.9276523895,1027564.8734257387,1054428.758625931,1016181.0318540316,1052372.7026367004
2021-11-05,1034607.2889395179,1053588.9102231371,1061131.4064197845,1027645.6970617517,1061118.839222855,1015187.2286325651,1058307.4464010203
2021-11-08,1034047.1936445655,1058124.9566251147,1059951.4515781708,1026126.1160041766,1062004.0907372897,1015015.76739924,1061345.0310631809
2021-11-09,1028903.409503025,1056333.5792714464,1057621.0230503387,1027762.276585872,1061758.9966477817,1018425.6821458758,1058075.300418523
2021-11-10,1019417.5007315101,1052486.3395902026,1048240.5349254913,1022786.9883576463,1057320.7869347995,1004710.5017675079,1051082.471681035
2021-11-11,1021788.2984915199,1041731.51307119,1044660.4629268951,1019794.2511608538,1053854.356270737,1001837.8327103964,1046458.8975296255
2021-11-12,1026643.7012129249,1047255.7263242112,1051412.704462082,1026979.0251864351,1059501.26015181,1012180.0256440027,1051675.8095010067
2021-11-15,1034100.6633787574,1051035.7264386523,1055377.1793957062,1025973.772572162,1058691.031094498,1006182.0117805544,1051301.1896116037
2021-11-16,1024545.1482191505,1054356.2522183764,1055097.1496677704,1050601.3342988961,1062265.0508813327,1026101.608832574,1052896.7380530736
2021-11-17,1014595.2512007179,1050069.8473950732,1053150.7233410187,1051789.2235995324,1060908.0406045383,1030219.3384007717,1046744.9833139386
2021-11-18,1011674.5808592262,1051504.5693837511,1052712.3200702972,1061777.5926722481,1059766.0722703403,1045453.2010165575,1044994.1018988858
2021-11-19,998190.6206465187,1038268.4324704515,1044370.5725918121,1062880.1326999087,1049808.8978051608,1048383.5545298388,1037158.4922072919
2021-11-22,999886.0439863624,1034276.5706769334,1040330.3657055206,1065406.418889438,1048269.4172143405,1046595.3782229422,1037661.58896642
2021-11-23,1010574.7468748512,1038223.9818021165,1040279.6989727325,1067999.6056439928,1056654.9115991062,1050170.8721261758,1043329.2510538177
2021-11-24,1004877.3481703224,1042239.043741356,1037558.4751453705,1070565.4576621393,1058103.0088242954,1055973.1097710754,1043054.7725686292
2021-11-26,976613.6074781837,1011543.5376988755,1013403.073827774,1046240.008065864,1030750.5166596835,1030164.6056160036,1016689.1339976199
2021-11-29,979204.5563647194,1019612.2987119065,1023571.5974369354,1054557.973179851,1040657.8803071445,1047941.1725308661,1023581.821330893
2021-11-30,962354.0708376808,1002764.0833608018,1005488.2678852386,1036287.2914402422,1020892.0534409946,1043055.2178600926,1004581.241648719
2021-12-01,944249.7377878609,993232.3106175767,984580.4355793304,1034820.9723141015,1016595.2036027377,1034972.6459598595,991131.5682803923
2021-12-02,971887.4105251159,1015578.4784909593,1005010.111757309,1053925.1114697717,1033055.0646485751,1044438.1169787811,1009127.8889941637
2021-12-03,965733.8822620239,1015056.8076764451,1001277.549383194,1053278.8584025681,1036762.355603165,1043622.8733169413,1007388.3872841356
2021-12-06,988133.935423645,1039180.7970258103,1021795.9617748566,1070853.9638197091,1057351.1701859897,1061831.873495964,1026235.4547455304
2021-12-07,1007562.8434589233,1051141.3510915148,1036900.6460361786,1077845.446046905,1067775.3829049533,1077548.452635374,1040580.0281169752
2021-12-08,1008260.1381175842,1054828.519472252,1038461.3210010834,1071431.1701152148,1070327.3120278781,1080786.8440054967,1041608.9810452805
2021-12-09,1004434.7770755615,1055285.2852231371,1035823.136617691,1071806.6287932047,1071299.4017495578,1081483.3366709575,1041607.2740895269
2021-12-10,998702.7765872802,1063212.5338193285,1040363.9422550506,1080155.4007345575,1074420.7898606723,1097342.2967966706,1047908.4443556322
2021-12-13,987090.2441280212,1049854.3740140307,1028397.0773639984,1062558.0639438776,1064339.6879586643,1082014.8082525076,1038585.0520291493
2021-12-14,988384.8126144332,1046264.2527104722,1021154.2569790191,1059244.8660958933,1066974.3470773166,1074939.887024429,1035474.6372548327
2021-12-15,997155.2773246688,1059115.6057950365,1034178.587247879,1068276.8597209468,1076803.9211434787,1095773.617289734,1046639.4934483625
2021-12-16,1002671.343666069,1053630.3509312975,1026114.1665249176,1060743.9333647531,1078944.7064408725,1074410.2182296242,1045771.6771432024
2021-12-17,986243.6492767257,1038666.8166676866,1014893.5299091644,1036899.0258034128,1062544.556611008,1057784.6079813025,1030267.6256268226
2021-12-20,968295.325672142,1028155.1453992234,1001739.9321842499,1031318.3636503824,1052012.4407662814,1051035.3167694074,1017645.256813769
2021-12-21,989164.9665794296,1045580.0695287095,1020339.9747028656,1042351.8512170557,1067565.5542878574,1066636.790444134,1033974.9059296683
2021-12-22,995032.3608894271,1055414.6988889086,1027764.2471943207,1050709.2017291482,1074789.381005234,1078682.1290693341,1041583.9456942269
2021-12-23,1003131.0162391586,1061532.67562307,1035175.7431927032,1055545.4793820528,1079614.2296685642,1081545.9757689114,1047313.2857828566
2021-12-27,1009334.1377830429,1070288.3404828417,1045599.1463680572,1069464.8397674898,1089114.2961358493,1098687.2001964466,1057562.5309101238
2021-12-28,1011226.6626243514,1075767.3642903673,1048922.815259964,1074074.4531004212,1093975.4083680576,1099943.5399409463,1060354.3139437574
2021-12-29,1010085.0411338729,1077520.233335625,1050627.1717052765,1081473.8358658822,1098880.9209069675,1106489.5764923675,1062988.374265753
2021-12-30,1006930.7647056503,1075054.2078381884,1048307.2764225311,1078477.7068946261,1096854.6393441623,1102613.8174255358,1060350.4448440492
2021-12-31,1002236.3059425277,1074946.920419823,1045582.7160053558,1085594.0768917764,1094924.4665994113,1104013.7483350998,1058609.0085841666
2022-01-03,1020889.047245018,1083292.807642113,1055113.3444576568,1078681.67438602,1100137.3668374484,1105284.096310522,1065797.568248074
2022-01-04,1038501.5167694015,1088143.7860776293,1059018.3824177093,1092262.173745296,1107838.965115494,1098112.0927441672,1072049.0092032226
2022-01-05,1021993.6604347152,1083444.536623131,1040748.631502182,1083434.8508281664,1102315.9474060978,1078954.0228260767,1060613.543624213
2022-01-06,1020765.4688033981,1073716.8181363451,1036281.0199108429,1083625.7898657564,1091248.5557475893,1062187.5573351178,1055642.4332813583
2022-01-07,1025775.909076683,1070774.9505673754,1040512.2746372528,1071610.1817627863,1088282.4047908098,1044292.8315341929,1055502.3491125081
2022-01-10,1023875.602474205,1063086.1097051012,1036345.781023056,1057415.7495564227,1082745.9796744732,1038324.6094813412,1050759.9708406439
2022-01-11,1034466.9595870895,1073373.7010480273,1046641.3298092193,1058763.7353922229,1086963.556961594,1045224.2918179807,1056095.4593383793
2022-01-12,1024776.9115829391,1077648.7170964587,1046585.1779842682,1063689.9360477861,1089928.3643777468,1052369.3069085635,1057211.239416021
2022-01-13,1028091.2037162704,1075148.1808034289,1041306.8223438568,1061207.1067783502,1085782.4382355807,1038450.6564817632,1052063.629848238
2022-01-14,1025181.2627792282,1067891.1003095019,1038930.1741466827,1034550.2167670054,1075386.8751980746,1027953.5473910505,1046184.4190444371
2022-01-18,997051.5390243453,1057218.7269688952,1020171.5444507904,1021818.3366401285,1063867.9802433932,1011947.1836487591,1030355.8183407617
2022-01-19,979978.7877044601,1046854.7669926988,1007142.5291004486,1004072.4063486399,1053474.0963469546,1000681.1653311392,1020456.1577518436
2022-01-20,972685.0153083724,1036331.0489941941,994953.831426651,990267.3281821054,1045509.9353323978,987130.3142383024,1011330.3171045842
2022-01-21,959299.6525306625,1019129.8553143846,977625.677343399,982135.7278901972,1036873.2950011295,980261.9225670918,998220.3279312357
2022-01-24,957012.2286147994,1021735.4583417283,980602.374319107,1008996.6344083399,1043923.138770203,993692.2843330605,1001108.155675275
2022-01-25,950805.1779327316,1023914.0028478013,972890.5296612091,1002525.8357800631,1054479.7756148379,981140.0258101708,999163.022695456
2022-01-26,940314.9475288314,1016953.896097313,961829.8033123321,996693.3957317995,1049385.007102112,979481.619075016,995386.3261919615
2022-01-27,936384.4034233016,1015198.4911290513,961494.1340999908,992363.4388213991,1049846.8928710024,980609.5538026721,995173.4119109552
2022-01-28,951017.2666358871,1035224.2435132371,980719.0698490448,1010559.0743626284,1058352.537711243,1014560.4532117757,1011623.9134942136
2022-01-31,968148.4361572189,1050082.6154500353,996591.7943096466,1015114.1723680109,1067136.8229620517,1028779.5897541592,1023462.903413388
2022-02-01,984400.8693089981,1060061.8113767016,1005978.9510174103,1023330.2896154016,1073520.0945526736,1028693.1615569715,1031426.9899747075
2022-02-02,983189.6101107711,1069521.6211911547,1007158.2195759125,1037191.9634986109,1084863.4055618823,1040381.0512272749,1037955.1853560493
2022-02-03,968468.4066931687,1058362.7318745959,984114.9155979462,1013804.5158206553,1080366.0924343264,1027808.0666342776,1022859.8928441457
2022-02-04,974867.0020873032,1052452.4764272082,986110.5099582977,1006918.5890039133,1076036.6148037112,1020875.4635314823,1022235.829820608
2022-02-07,980607.697918602,1056157.407755028,987700.814893753,1005403.6936028665,1079254.8130611575,1016732.4530468539,1022276.3415704949
2022-02-08,1000813.5181395493,1067016.7014714587,1004690.8399753876,1014151.7571304621,1092678.9234432376,1029509.5416623247,1033103.3343218503
2022-02-09,1004608.3120810471,1077920.0793057787,1012972.6184063263,1021054.1356970018,1100004.8564442103,1039658.8805754198,1041996.6875954616
2022-02-10,992590.9348074875,1064126.1274854052,997034.1606655426,1003198.7480076823,1083153.0289988902,1016494.487494451,1026659.5763517894
2022-02-11,975337.8051726304,1049398.8863393175,978549.7107944794,991505.934881103,1071093.10197749,997590.4376888336,1011990.6813871495
2022-02-14,967948.4857603989,1046951.2566090928,972347.3571529693,990230.5401378282,1063682.386842831,997337.7236417792,1006983.2697852672
2022-02-15,980683.0753447495,1060605.032793175,987492.9229450531,997201.6266607698,1073863.70893298,1011182.9637863493,1019296.4520128081
2022-02-16,976081.3838011704,1061357.1904240954,983637.6908169098,992962.8997319444,1073405.170675381,1009112.136208968,1017706.7072209007
2022-02-17,955597.7561232529,1046203.9819432603,964342.9997082062,983701.5057694201,1057105.1754094204,992813.2118821787,999579.633696399
2022-02-18,946840.5478522263,1037939.150659691,955455.754385025,980342.4279098772,1052444.325945004,987061.8779314238,992796.1915313601
2022-02-22,937322.3111578904,1013452.213247429,935991.0589771576,932133.969293773,1030754.556940182,950903.3697543029,978737.931538329
2022-02-23,927061.0471045456,999793.4441357957,922229.6192875213,916220.3238819765,1022658.590761288,933322.8246876188,965195.9687622546
2022-02-24,928401.4340064011,1003458.9200917588,934994.7870502777,920507.8190818514,1016171.4388104518,942969.1307394454,967878.051439453
2022-02-25,952224.320210167,1029680.5534535752,955800.1714725799,940465.0611030535,1049215.8120900234,961809.4631880318,992201.0329585845
2022-02-28,946225.5847556076,1030108.5477048265,955022.5424099274,938132.8187539781,1045555.3441296656,960083.3878794484,987360.7892235103
2022-03-01,923217.7720305405,1011600.4365140306,938856.7455501861,935118.2811451067,1033567.4014149745,957170.4033300527,969949.9543332437
2022-03-02,940003.4041335068,1027265.7478581773,954442.3105640716,956627.8557166017,1054412.8966008266,975523.1371918105,987324.3741674323
2022-03-03,931531.8317343674,1022833.2773953782,948446.8783054657,950561.588182876,1056443.3100644192,971545.5557713808,984507.5557827451
2022-03-04,921535.6054083786,1015682.9582082139,939403.7357769317,948722.1722577966,1057611.9070187649,970836.2743623864,979267.8844013149
2022-03-07,899297.7141386948,986320.9961072312,918707.7170009918,935396.0872943414,1039766.3431073268,950141.4716590035,956037.3545645248
2022-03-08,898911.949368187,981480.1870175706,913029.2033634491,928236.3932904504,1032527.8060971339,931973.9310698352,950655.55066734
2022-03-09,917491.8525206528,999892.0254079209,932786.5778751678,937801.9271086114,1048365.8069058497,955924.1135101168,969696.5283023505
2022-03-10,908686.3398787461,999349.6893369065,924620.3427715607,939780.3587713502,1051318.0361577114,952050.5279998882,966428.5046134462
2022-03-11,907974.4151274643,988612.3862782823,917252.7237720795,938960.5047652315,1043034.1274243434,938594.3180160734,959731.6620036429
2022-03-14,905297.6028258286,991885.2778760301,913965.6717052765,944238.9558259653,1046966.4645520289,933118.483639912,959762.1596131083
2022-03-15,919955.3652274094,1010536.497320305,933459.0318126983,965334.0523452028,1059990.713934048,957166.5726508439,977215.2132090154
2022-03-16,942147.6620184861,1025612.6796513902,951994.4392834015,972915.3045407594,1068517.6545239529,972375.6972984462,992327.8028725561
2022-03-17,952353.6125075303,1039126.3985577928,962295.3314075775,984980.0961489595,1085238.2476063808,985398.3774793851,1004495.0972816844
2022-03-18,959582.3100859604,1048889.236307274,972613.6620655365,993473.8218061709,1089335.3155385097,998580.2094694352,1012482.170847153
2022-03-21,946756.4880072556,1041071.087919365,960409.1221676178,976681.6686849322,1086538.5635968288,989975.7255488905,1006599.204740694
2022-03-22,956868.2275740586,1048272.34926046,970443.8435840912,980109.5498178361,1090068.1598797878,997261.6497280836,1014012.513578833
2022-03-23,940736.7261015854,1033831.9232159959,952799.7498417206,956733.5727064394,1078542.0491391262,985310.3250093667,1000933.3634061004
2022-03-24,949336.916039177,1046514.1126233445,962002.2128010101,960580.7077383493,1087996.353765591,996404.9718778535,1011113.3061297692
2022-03-25,952560.3928343735,1049981.0746365893,963607.332674057,959816.1129953798,1094101.8241711697,993699.027690319,1015579.1575695408
2022-03-28,953832.5232741318,1050654.627084862,968988.1460666962,963058.1349673991,1093779.2216015896,1000939.5496350293,1018336.5738940007
2022-03-29,967040.0443160019,1061498.7220212328,982778.5362301178,966839.5513723405,1096933.225591763,1012845.283914795,1028191.9674303739
2022-03-30,964516.6379630051,1058987.9913770068,977328.9518184967,954955.8613953775,1100333.920526608,1007218.9566659417,1026287.2324033914
2022-03-31,954168.3829810105,1040189.2213612901,961777.50816539,934230.3541663736,1078583.8854504665,985519.8616129456,1010251.2934741717
2022-04-01,955709.0521180648,1046239.0755215989,963818.1177730865,942514.4351895059,1082716.0121747097,989134.1934904606,1014327.3900168579
2022-04-04,957148.9175164718,1049941.3308965075,970941.1901607818,943777.6701971926,1081718.899507626,999377.8295584243,1017345.7429775272
2022-04-05,943301.5874574203,1042441.6945630418,956617.3804874725,939409.0103607133,1080185.584398373,994537.126299394,1009168.4007440506
2022-04-06,937260.9293611068,1040043.5591870652,947568.5543384857,931489.9836799119,1087598.355215176,986986.8381806111,1004953.9269882677
2022-04-07,937768.3021180648,1043246.8087712632,949161.9370632477,938262.3826639551,1092784.3438435635,994319.1272454244,1007490.1218470535
2022-04-08,940669.8551118392,1049614.5998479235,948316.5510883636,953208.105686065,1103598.5920544704,1001484.1571963057,1011497.257377292
2022-04-11,936752.5149171371,1035696.6255322801,937398.0142956085,944836.1991692041,1088418.7891903957,982710.4998631644,999464.4710815522
2022-04-12,935852.4925096054,1034705.0405980455,936006.7244282074,944857.7722937616,1086383.010633572,982389.9706142208,996909.0445212752
2022-04-13,948365.1543252487,1049020.6574574816,949848.7501430816,953904.6917127679,1094928.0366116604,995000.1075685931,1006937.1819799184
2022-04-14,947814.7834908981,1042085.5822278367,940485.3958988495,945275.2464665979,1094120.321218594,982807.3098109816,1003634.7915818405
2022-04-18,950872.7943704147,1038362.7463704454,935006.3841152496,938806.5291105951,1092047.0463543972,976847.2714233996,1002482.9378392716
2022-04-19,966845.8623902816,1054964.2181607592,954406.3697262115,943261.9370780481,1105609.411401852,993622.0837220524,1017034.6218421602
2022-04-20,971622.6040360946,1060622.6585065234,957575.2787456817,956464.0204890437,1118473.9006749233,1003019.2984585104,1024305.6843674944
2022-04-21,960277.0331742782,1047786.7580853807,947091.5960522003,944215.1057721018,1105895.178804501,991143.2470937843,1013584.2952787653
2022-04-22,930835.7985742111,1019424.1846410142,922881.5668773956,918622.7149067911,1077646.6782933315,959969.7566445066,984995.1761430401
2022-04-25,936373.6027429122,1024638.1477872239,931017.3898411102,927714.63611214,1083079.832647427,967981.2115983901,991930.4235731044
2022-04-26,914071.502103569,998095.5427152024,908202.5777111358,912981.2237207406,1061380.4582501492,941693.1055323276,968354.405891774
2022-04-27,905964.5765779037,995496.7519933091,903048.3245830841,913797.7719124216,1055430.0065709194,946105.5013686054,970153.3096620296
2022-04-28,906746.3741281051,1018139.2530881272,912079.5564327545,935868.0336818766,1072903.0644208035,978016.8100544284,988053.8132594957
2022-04-29,879345.515069725,988819.5600568162,884680.1729870148,911690.3419094157,1042449.0006428797,945468.5056703689,960693.5884693546
2022-05-02,880736.5481660385,989423.6211797105,890818.6586780853,922521.9658597636,1041769.0838452418,948604.5390170413,963149.1012195174
2022-05-03,889366.3930451889,991828.689809929,895977.382951767,922984.9099401163,1044456.8650189479,946369.046771608,965109.369207019
2022-05-04,913565.7477281112,1019363.8992940293,921565.0628300018,952142.4193680643,1070101.1435109219,974200.8162417293,992268.2870152786
2022-05-05,888286.6210382003,985601.5483075486,890142.8536777801,916296.2645039514,1041721.0522557338,930872.2458393036,961298.3059943506
2022-05-06,888454.8429086227,982675.5337430345,885884.5641994781,908799.6651123156,1042296.4489689906,926464.3317768662,958425.9546491443
2022-05-09,869585.0576646347,955828.7152196275,869896.8945865936,906088.1956527819,1023435.5497494777,909382.9585506176,939383.15626133
2022-05-10,866546.9725816268,955069.1329022752,869144.1299839325,898925.4088175806,1018158.6199399073,908587.6837960782,936908.1273170502
2022-05-11,858559.17194915,942962.1508542405,853754.9271145172,884369.9846112779,1011978.1767216761,885869.4922366529,927392.7024682808
2022-05-12,854710.2669885177,936156.5736028062,852450.0575619049,896351.2471870608,1012529.0210858424,880676.9458973373,924368.5458580491
2022-05-13,866868.4790322799,953775.011205803,865326.0977268524,907660.5707149042,1025040.2202397425,901638.7577239625,937954.548092568
2022-05-16,863458.7820451278,954078.5485440599,863104.5413532562,911105.8727171358,1031658.4877568324,900307.6921410428,938734.1147852638
2022-05-17,879483.0131127853,969678.0379315721,876735.8417225189,926116.2947549548,1046902.4360333522,910349.0895497418,951294.9762926606
2022-05-18,855857.0845429916,930345.66881765,846252.1508465118,889888.1459298319,1011589.2622281153,864672.2672216874,917370.1410650994
2022-05-19,856504.068471672,927529.9957639085,841570.953187973,885041.269327659,1008277.5250493129,861832.1578348302,910467.6102869802
2022-05-20,854325.250150444,925522.7325536119,839742.2007999725,882208.0493217005,1012305.3947850306,867286.2871308939,910723.0846647779
2022-05-23,872406.0276505966,943407.528494011,853869.264238388,888240.8988247674,1030149.6438428004,881216.0384212029,928736.5887331362
2022-05-24,872060.9672296066,940345.7016583787,850966.9804325409,894745.1744877085,1036358.8626996119,879788.420280716,930145.9652004068
2022-05-25,877677.0984437484,948353.2323857652,857590.5372410126,904333.3283611521,1043247.3162556727,886105.7183058707,935729.4174706239
2022-05-26,893582.9382760543,965995.3899251329,872816.3072605438,923402.533050178,1057528.933504208,905709.9363700049,950788.0673323491
2022-05-27,907726.8310830612,984569.0426312791,889707.6658726044,939506.9486492685,1072787.940397366,925942.3025301818,967561.4680456745
2022-05-31,906084.7288568038,974026.3783704148,884924.4590893097,929713.4116081651,1064274.7015706142,915334.7933529271,961069.6877204106
2022-06-01,901209.6851861496,965250.9846478807,883536.6735859222,919390.1629537538,1055624.3969212612,911370.2293979396,955916.5020971658
2022-06-02,911335.3043153305,982437.823705803,898867.7666530914,938829.8438300166,1064723.178777798,928478.2491384643,968590.4209739799
2022-06-03,904265.538961174,970949.6198483811,889444.9302769012,931483.937449859,1056974.1077939114,912305.4521244513,958435.5136013648
2022-06-06,902345.9935624618,972092.3997861253,887172.049142868,933282.6451321063,1058994.8887272915,913921.2084980095,958904.016057219
2022-06-07,908297.1495263595,980502.9196912156,892859.5800953216,934761.4824988397,1067829.592577084,921339.5833228587,966605.3452295252
2022-06-08,899968.6741197128,971601.8279706346,885582.2363720245,922540.1036890864,1059957.2670193752,914981.7205019465,958761.769744414
2022-06-09,877918.4760644455,953656.734354149,868278.0783100433,917488.2794740824,1043298.718381985,902311.0262487782,940172.3388047713
2022-06-10,848449.2551324386,928883.1323300706,841484.3974018402,893155.7957629961,1022701.6657277186,877238.368768291,914536.1393258254
2022-06-13,827337.4126527328,897504.5582257615,816143.0756588287,877105.5432452959,994558.2811871608,849520.7422804498,889015.045563201
2022-06-14,829042.1883065719,892316.7974034654,816448.8345127411,868288.0359401506,986308.5073262294,843269.7237028461,884589.5920762658
2022-06-15,846384.7028329391,901793.7345143663,832692.8120861358,869941.6105024217,992302.886148556,852696.096372313,893436.9713415785
2022-06-16,829465.8557984848,879622.4073582994,815627.8053760834,848574.3131807513,968980.1192608912,829539.633743913,871836.7549451077
2022-06-17,831780.0021569747,878682.9588681565,819362.1781940765,842910.7884004511,964835.0727521022,827892.4331716116,870721.2593600919
2022-06-21,845147.1088082809,898704.4792729722,830406.5686207123,845332.8993484987,989705.8677540858,851375.0248885495,889408.6126614695
2022-06-22,846551.235231163,898657.0449429856,831097.6104832,843149.2408274721,990204.8252926905,852707.3797250695,888035.9357429025
2022-06-23,848863.8345849533,903515.7302342759,839409.29565242,845371.3684672426,996689.2414723475,872091.0312934201,893694.2095736548
2022-06-24,879926.3102242965,922846.7627850877,867050.226839096,871621.8637408327,1013745.3306828578,888302.7391894509,917679.2138535619
2022-06-27,874195.4745347518,922673.0541554795,860960.7032718963,871938.559427524,1017422.9424801905,890723.0171983236,915860.7938891894
2022-06-28,865967.6006143112,911368.6469975816,844153.5968265838,850981.7059287485,1004735.9168339808,867290.73740404,901549.1078652652
2022-06-29,872125.5069520492,913235.4868069993,847108.966657669,853127.871947658,1005862.5621014674,877428.5012057144,903947.2669021052
2022-06-30,860173.6458451767,908739.3474675523,837167.66025737,856869.0297197222,1000846.2114544947,870577.4216445826,896551.1983170782
2022-07-01,871186.635911705,919258.2332440721,847022.6717586822,869901.4183076739,1010094.719755276,880735.8859038241,905926.7665910978
2022-07-05,868019.3291604538,913708.2002354966,849045.3224277801,868610.1614869952,1000720.0480481227,885691.4947572215,902155.9306356908
2022-07-06,862348.512410881,917050.0493375169,848170.2340488739,871688.2501024127,1003600.1987515528,893442.8948367634,904191.0770822527
2022-07-07,875028.1532228012,925368.3112889634,859141.9145641632,877868.6113020128,1013036.03516589,904225.5143674443,914296.1413468609
2022-07-08,873072.5860269088,925351.5921002732,856785.569921524,876080.236318294,1013222.5344258387,907077.6269958578,912944.4030855387
2022-07-11,866242.2285249252,921249.7045384751,851405.6705608673,874537.9148586344,1008638.9094372828,900937.4254664892,908157.7008626044
2022-07-12,868784.7019860763,923527.5593930589,849961.8904476471,868361.4141956323,1003048.9649277766,897083.2340608182,902549.4977339593
2022-07-13,863602.24982238,915146.3929959642,844015.7633152313,867009.5808260588,993825.1404572566,891640.936373477,896474.2715111133
2022-07-14,855602.5277726669,916957.083307396,843640.1168957062,859024.9761560358,988515.9247418483,898251.3339634357,892319.4843081833
2022-07-15,873819.5980660934,938839.0794736253,858503.704927475,867187.0996377863,1013458.9355336268,920459.2504486163,911490.9871598236
2022-07-18,873835.2321984787,931375.880548607,853911.5467167206,865590.6427057184,1003326.3519993861,909816.7719580005,905208.6503055337
2022-07-19,904321.6679971237,958964.4394170152,874842.7756786651,886795.0726182855,1021533.7338543971,934307.0165588189,927187.0711984901
2022-07-20,909614.4456117172,958540.9506131517,883612.5059528656,891150.6082508387,1017188.641756161,935271.8824145948,928579.264311174
2022-07-21,916421.1139695663,965539.998403679,890601.5119991607,893926.888530395,1018957.5504361232,944456.2094921122,933300.4194331678
2022-07-22,910482.6883866806,962728.4962331163,886107.9469776459,896034.8263093905,1017180.3183575709,940650.2334426766,929291.5200486506
2022-07-25,910392.7056872139,967499.678419243,884092.5881901092,900727.0141886935,1026293.185518368,941774.4970321652,931935.2531199169
2022-07-26,907736.0031496773,961478.8270093309,874752.1654568024,890661.5930792154,1022849.6792012294,927378.1605872368,925278.5808688496
2022-07-27,919167.6850497017,969302.7868253099,890484.746938736,891292.0166687388,1027828.6627141078,942937.6751187339,937981.6317905261
2022-07-28,927740.8758379708,980539.5381947862,899526.2722568817,892693.2328762201,1034815.7784405787,952178.4514011071,947654.6655538832
2022-07-29,933362.4164492378,988865.6738644944,906256.1861210174,903777.2631089891,1049199.8460751614,964731.246210235,956845.7688094575
2022-08-01,937421.1018358956,992308.0274525987,910952.4445743866,907363.411575004,1045484.0019665797,962960.8155017764,955484.4146973898
2022-08-02,922724.7006060372,979890.6276837693,900053.6109943695,897168.1420255923,1036535.0919171412,954242.9263114136,943766.6755352501
2022-08-03,935603.5726229439,993488.8415624009,916435.6786785431,908274.9897958139,1045840.6282025416,973817.7760409904,955895.2220487702
2022-08-04,933871.3855425606,991948.8134709703,915723.24902919,907697.5042792505,1038600.368898495,970187.3327947034,953399.1975487205
2022-08-05,933858.2710940132,994130.1950360643,914600.7447719879,913691.1744447169,1042939.3168850978,972564.9179387313,955632.1232686064
2022-08-08,934134.2662722359,996741.1439229356,917127.5365276642,919146.0554442552,1044273.7820073207,974263.392073004,956479.0009165215
2022-08-09,935465.1762224922,993619.7813474046,912655.5049610443,914117.4683305697,1042709.136350735,965668.2861813561,954785.5870118419
2022-08-10,956497.1020647774,1007305.9292050706,932455.9055385895,929117.266331241,1054335.9318829617,981533.219848459,970374.189736553
2022-08-11,954308.1145464669,1008800.090829979,930497.1484394378,935034.9148486933,1053714.5724354824,977422.1323966599,971165.4206268988
2022-08-12,961309.8412768135,1023448.067140709,940753.6033077545,947506.680526317,1065213.8111783108,994850.5419859985,983528.4459624465
2022-08-15,968064.738485981,1027434.3891507493,946328.2374172516,948531.8931243395,1065800.0563527187,998027.0144135338,987938.7644416991
2022-08-16,971659.8109499703,1035797.7309361802,954477.4136104889,971190.7601366991,1075519.2422162136,1011765.9189058323,994917.9375331576
2022-08-17,965354.1204058419,1028895.9775029527,947949.9280643768,969013.2445776782,1071588.7422848782,1011003.9551984507,989916.2157837874
2022-08-18,966721.5761935005,1031284.9561864244,947706.4750614471,969052.5253990969,1070878.7852536282,1009329.9546574123,990461.5312485562
2022-08-19,956837.4291826973,1021930.0850621568,937146.0583095856,959476.5186557497,1066725.7044697842,1000139.171085684,981946.2117758553
2022-08-22,938315.3889529,1003304.7747174607,915888.9415264435,937296.5785528864,1050869.466783627,979907.1285800076,963210.5516266491
2022-08-23,934910.3351198921,997927.7773534165,910884.7859096832,928838.3757368769,1045434.6139641841,969953.114872794,958723.6477325823
2022-08-24,939702.1813570748,1002285.7231694566,914898.6132870025,931314.5710790076,1047356.3184052546,973069.1486037076,960461.1010957062
2022-08-25,950077.5270144234,1014860.5826703416,922560.1213474579,936714.2897348627,1058313.604766949,981866.0331585777,969857.664925496
2022-08-26,924127.4996554146,982642.6205674516,891904.8554745025,910109.9825282511,1030233.3375989039,948680.4939723436,940481.4684917589
2022-08-29,919061.0353914986,978965.4092294084,885843.4425792999,904941.1426771159,1026787.868570431,942963.0860581539,935109.2235467946
2022-08-30,913156.2276827584,967354.2297307359,878840.3739872284,894532.7747228617,1016501.6237641413,932345.7182703334,926133.0260206059
2022-08-31,912117.4227053414,957642.0441075669,874223.5413608856,886107.7895772585,1007614.351577862,923741.7782245299,917963.2512909707
2022-09-01,913456.4802462349,959464.5677911149,876981.8588314361,897049.8583244719,1014461.1483613093,931709.6682296197,922216.2453482611
2022-09-02,905050.4067217598,948336.8009759294,866827.8690624542,892115.3765441698,1005294.9748059352,921934.8575720233,912370.183170008
2022-09-06,900163.8287798653,943292.4722405778,860884.9604320831,886436.2923058047,1001983.2964879115,917725.007885772,907326.2996135225
2022-09-07,912396.8926455269,957409.7900010453,875148.9773617096,904093.4126938357,1014192.4454709132,932354.1680032698,920027.2452897694
2022-09-08,920949.0341631661,961110.2809640275,879894.985055954,909733.4543159975,1022129.64636813,936101.7599110248,925656.7284668101
2022-09-09,930529.086935688,972992.8493939744,890812.3339481659,912151.4941204562,1029869.2454510768,943056.0217128266,936645.0854354113
2022-09-12,926257.5605837593,983393.2109757768,890643.5842914886,911664.1388824953,1036356.0349103053,956199.0207333169,943334.6450339991
2022-09-13,885213.528921772,942861.2532540666,848111.0361347503,870451.9237516607,997924.0986462672,908056.5178241122,906151.4019682793
2022-09-14,888561.8405062447,941603.3063126908,849808.7893009491,868304.2449359068,1001509.2050324519,907866.028907534,907028.8341241849
2022-09-15,888292.8886019478,937657.7521973954,841620.2101497955,859214.8688084597,1003164.19100581,902918.1777215251,901981.1383665162
2022-09-16,881585.8647753487,930748.4720059739,838773.0418453522,862803.7088543887,1000831.560562237,901336.895085539,897920.1199329871
2022-09-19,886040.2802721749,937604.1575604783,843001.8880749054,873603.612113666,1006642.2951546748,914560.1814702074,903666.7002747288
2022-09-20,876332.0563494454,932792.0416833268,835085.1192379303,857763.520557117,995901.2903901179,908916.6924883969,894535.2835720076
2022-09-21,864403.7359682808,916114.7414800035,823746.6349811859,845298.6101834292,978681.6156121333,893734.834906953,879315.2125945113
2022-09-22,856316.9901568184,909610.4425870286,820686.9722919769,840386.3070294375,978925.3872986872,892258.1892300671,876195.1819694492
2022-09-23,836134.0664507637,893985.5920983659,806828.3320751495,836542.9044682498,964729.7871609767,885410.8507516566,862029.1561698371
2022-09-26,824468.379958271,882630.0240289079,799661.5267658539,820526.2689127534,951730.3487664302,878739.4407192029,852427.2455628823
2022-09-27,817677.3478194561,879670.6852647172,798549.3723583526,823159.4834714578,951277.4622460444,882023.6145785864,848761.8425745262
2022-09-28,838119.8816448402,897632.2098943101,817621.8641720123,849964.8573510927,970899.8574639399,895900.5731820896,864748.0521927895
2022-09-29,822146.7955700111,880796.5253049241,799637.8335705108,843180.9811075014,957562.9307862361,875656.0283558661,851401.7634446094
2022-09-30,809674.0433384132,866679.2697221147,785583.2045421905,834654.5616472048,941338.7291071437,856125.4293842625,836832.8391886088
2022-10-03,829611.6981655312,892276.7644616471,806535.9393291778,858899.8017442507,965315.7574007533,878519.3902006192,859129.9487207732
2022-10-04,858058.0886493874,915468.4987336503,831763.5574016876,879568.180772571,989473.3374998592,897831.5069898922,883176.403407812
2022-10-05,852235.4434429359,915678.8766156541,829382.9096317596,878670.7428796572,991050.1797506831,902004.5449365573,881939.7139642864
2022-10-06,842756.8906780434,906985.9591981278,820491.3787365265,875573.9403550905,980068.8939192317,895347.4755427861,871832.9427439246
2022-10-07,832095.6006466103,886633.4019452439,801464.2517147369,859605.8482721132,959594.646530392,870006.3863150651,853475.3732941538
2022-10-10,835587.7958599281,881466.394395958,801222.2619533844,858079.2749917788,955006.3904593013,864469.8603941122,850739.6353077653
2022-10-11,842858.8285137367,880400.7764664994,806836.6509838409,863275.5165269655,960836.2159330867,863589.2007599426,851797.3788897824
2022-10-12,844114.8112903786,878263.9180280076,805161.0131664581,858653.816337005,960413.6033880733,860453.6769895843,850971.7812902628
2022-10-13,867796.1746250343,901229.5783730851,825877.7814235992,878610.9432226022,986371.1746485255,877726.2247465764,875089.359133704
2022-10-14,857165.2482105446,889519.7353535997,814811.416658432,861521.6156401362,977746.822223904,863985.5833595261,863323.1993266856
2022-10-17,871462.8044582558,905698.3056908952,829875.2922115631,873545.13805339,993463.7857515834,882312.0659997497,879374.6715532638
2022-10-18,882107.9677005959,915130.6818658219,839104.6473865814,884704.4966982588,1000379.0878813289,889731.5188210333,889220.7337315168
2022-10-19,877628.2462955666,911885.279068123,832686.7624988861,882250.7117670759,997164.8598101161,879976.5383198367,886307.8137378986
2022-10-20,875659.1760250282,908107.238845955,832830.0430126495,867385.6854042219,995640.1392824672,874283.7429608323,883679.5001669403
2022-10-21,900931.9639126015,925840.9742242204,853066.1341915436,889759.0088405127,1016868.1981565974,895072.4150025891,905498.54829103
2022-10-24,916065.643581028,937472.4867860185,868944.6959400482,909364.0531081671,1031288.4253752254,909912.9706042738,917648.3179544206
2022-10-25,925217.4717136574,951460.6096726762,880171.2931423492,917175.6628661436,1038392.1227553161,923352.0664807756,927469.34478162
2022-10-26,922965.8718830299,951867.252763878,871110.4617710419,918595.347686973,1044391.0862372192,919726.1393624165,927538.3626925929
2022-10-27,936577.4503704262,955538.1859303819,874830.849546463,926854.460956779,1045718.9958231719,911410.9231413523,933194.9295675916
2022-10-28,958342.2470623207,981767.771337639,899033.3194942779,951992.7287865519,1067566.0760901244,943984.1923921917,957331.4546198986
2022-10-31,953788.220382328,977991.1852227555,893313.6186275787,951117.1719732641,1066200.9803335937,938836.3537089876,953577.7451205532
2022-11-01,959038.364738102,973250.6388093339,891938.8970699615,948327.9742460607,1063341.2658369811,930219.4426177237,951254.4645427738
2022-11-02,954229.6304660988,958014.9997083055,878368.0007572479,933303.108953115,1049280.5148012908,908078.5086977208,936529.9797190897
2022-11-03,958549.2589489174,954184.5038968431,874330.5834141083,924698.774800176,1046848.5706255706,890839.168934745,932261.8506541168
2022-11-04,973957.8626362038,962874.8621751176,884540.999193222,933737.8083504385,1057867.1048777374,892569.3789968845,943972.0792109404
2022-11-07,992469.9928775978,975993.9827748643,902520.5201969452,947484.5832108206,1070683.6067259582,902895.1987700593,956317.6366992756
2022-11-08,1014080.7527958107,985191.7048093186,918467.5268574066,950975.1175202078,1082776.1723234924,909696.4110146577,966042.7326131193
2022-11-09,1005159.7638851356,960081.2108231889,902459.7120762176,936542.1658714956,1062619.5623247894,888450.7559873417,947197.5428030535
2022-11-10,1035670.7190433693,1000388.422226082,942934.560937912,981050.7126687063,1093485.8666098388,940002.356097783,982197.7032568944
2022-11-11,1035833.6142383766,999161.4345113145,946582.2935009308,984376.084016744,1088423.2294142516,939920.2839065522,983144.153323773
2022-11-14,1030312.5065876198,988970.8181287156,938931.1237621612,973742.8471935781,1081260.590334204,924596.931376907,976992.6261787383
2022-11-15,1029618.0596882057,992763.5770093309,945939.5414295502,977687.9552740073,1078754.7131026061,930638.7707401485,978630.5071228988
2022-11-16,1028555.0234256935,991473.0332127915,942143.6198559112,983809.2010614179,1081283.4897578033,933962.2138665481,977491.6262440578
2022-11-17,1028285.4637104225,991085.0745183335,941930.8426685638,981635.5347597518,1084346.2020743163,935169.6067289439,977272.908313489
2022-11-18,1028911.6438251686,999793.2152692185,943854.914491684,986320.8384900449,1094782.409387854,945436.736923848,983080.9959608875
2022-11-21,1030491.4510837746,996383.7679559098,946267.6950893707,994564.495809236,1089316.6991827758,934978.6013785659,981758.1052518021
2022-11-22,1035441.0642658424,1008680.3736592637,954319.4640026398,1012308.6426457418,1103733.3439238342,951041.6275331506,993347.4244427414
2022-11-23,1036353.9565159035,1012304.629301201,956211.4616756744,1007816.7742346319,1104799.4607565673,954469.3187291117,996142.848981983
2022-11-25,1042503.2203632545,1019390.6054879533,960777.5728397674,1017320.0253752569,1111209.0351736816,958279.4418351175,1000599.2552665843
2022-11-28,1028590.2237430763,999665.5137349473,945120.7339992828,997701.1335813497,1094182.2882902892,942055.6244149463,986104.0146006166
2022-11-29,1031131.4539676857,999526.207672249,944467.430494339,995534.1814575323,1096567.4558279784,932478.3263702965,986193.4590821085
2022-11-30,1048578.291171665,1025940.6147233354,967084.4114895172,1017574.9444122443,1120260.3725531371,967131.4660217089,1007670.7177657906
2022-12-01,1040291.8587452126,1020500.591825615,959843.4979496307,1020026.7881355414,1114888.1465666564,963332.359055758,1001997.0244347303
2022-12-02,1042486.843089695,1025631.0140038835,963118.4035167999,1022638.1966781744,1116325.7750838073,964279.4635421555,1003012.7769052073
2022-12-05,1030100.041980381,1013674.067342888,949741.0489139862,1003506.57950958,1104430.7721197875,950630.5152848196,988948.4856685133
2022-12-06,1013948.4749714088,1002055.0649854051,934981.1370754547,998571.5800722288,1097461.9527876647,942370.125251298,978730.0795418622
2022-12-07,1011118.3181415749,1003454.1782838212,933769.1574383087,1002130.2527101682,1102110.7791998656,942770.0470473493,978776.1673472109
2022-12-08,1013418.8784061623,1010053.0703221665,937768.5256100006,1010011.417154138,1109320.6919577392,953530.6351592034,984123.604535222
2022-12-09,1005984.4826008034,1001263.1584206925,930349.4014606781,998440.6704080747,1094924.3413985046,943097.6165130939,975237.7618669271
2022-12-12,1018234.3153263283,1019426.5247556077,944070.8304272003,1015317.7602754186,1110320.68149021,960392.7894465709,990636.3235177308
2022-12-13,1020191.3764988136,1020519.7910863267,948195.0801945038,1023618.5186677526,1112112.116895941,962886.8759974478,993654.4488842995
2022-12-14,1012340.5617405128,1017362.9917794572,943947.9838390655,1023273.2221208166,1108406.1556532653,958774.2978412064,989509.2775321152
2022-12-15,990076.3756519508,994917.3401662217,919550.1803417511,1005292.4899926733,1086229.9840090545,933786.9998068494,967248.5261575038
2022-12-16,985939.2401691627,986876.6918851243,913903.1118793793,996070.9594598364,1075295.3684084686,921983.8113202475,959040.3449234111
2022-12-19,983235.9464298439,981498.5675450669,907966.610143692,988098.4239106725,1071799.300915686,911439.04939185,954294.0975518386
2022-12-20,985517.9485355568,983192.1226579057,910160.8669185943,989812.6611187261,1073710.965519873,907974.3681137604,956980.0493287453
2022-12-21,1001657.9802509499,998814.9270554887,923427.3320331878,1004337.5676197638,1093134.8974427856,928790.454244515,972325.1263659345
2022-12-22,987393.803912754,987200.0715962754,910118.7583370514,993385.0509228338,1085038.9081945098,920035.4407345176,962158.2703030438
2022-12-23,988522.7643772316,994672.1708699571,911717.4133892364,1003438.4171299567,1093212.8807172454,923865.1567013368,967298.3692655106
2022-12-27,986253.1740299416,996184.9147759782,910100.9410038299,1007030.5547985663,1096615.99964234,922964.8301825168,968394.57625051
2022-12-28,979528.1487232399,984068.0069810258,900121.470022232,994826.4807550863,1085631.7639779723,908797.2673625518,957736.685915817
2022-12-29,986335.3645206642,995485.9352685319,911162.8211994476,1005761.3080275167,1094624.896843878,922176.3275802147,967789.858725514
2022-12-30,985480.5542713356,994438.2594453202,909507.2946605987,995442.2302937483,1092828.740746466,918565.0097041668,965647.1740664716
2023-01-03,991280.5121189308,989841.0688115464,914299.0856037445,993562.2567629751,1087831.6518582976,906832.1898177457,965330.2492815424
2023-01-04,1003124.418719883,994946.1939660417,923220.2662449188,997080.7569460806,1090141.5574693359,906920.2240543896,969216.4185473715
2023-01-05,999959.6425586891,983054.7917519914,915025.825479538,987332.7605280813,1079621.5019921935,891966.379771636,959320.5132611117
2023-01-06,1025595.9449955177,1002118.0920354234,937372.0699253387,1005361.7569689688,1096015.215136496,905902.9360973676,979728.4210636519
2023-01-09,1021118.3198467445,999467.1241570817,934798.971963913,997942.6257719931,1087637.126688925,908038.1310118238,976437.6379646987
2023-01-10,1028626.4527431679,1001481.8442040788,940141.9765644378,1006400.4874968466,1091292.5851430572,910261.1085269251,981869.3987669407
2023-01-11,1034787.0976291847,1010861.3596993791,948025.727495224,1020356.1866488394,1099915.7533883727,927189.856822058,989703.3015027811
2023-01-12,1043688.129657383,1019595.0578023301,956388.8929577179,1023956.2719530996,1103285.2016706145,929746.8471900634,996023.7034703776
2023-01-13,1049813.644927616,1019224.7476502763,959060.6488552399,1029806.3851538061,1104220.7175359405,930476.4966357369,999305.1552112107
2023-01-17,1025697.8358379555,1012225.637415062,945326.6144390411,1010208.399746982,1093730.0697259582,926188.1163973709,987892.4490422499
2023-01-18,1011700.7313381386,993349.3443547593,929643.9068622894,995233.8377960466,1073955.3336076415,913900.6441257808,970008.5598141194
2023-01-19,1006260.0043178749,985337.3416673051,920039.6294498749,974180.0068634294,1068753.9734296477,905784.252022823,962655.5634126097
2023-01-20,1004592.0373874855,997456.4294339524,927350.2219028778,984823.1758125566,1076943.974799124,918139.5011589391,972296.2219151725
2023-01-23,1013970.801166172,1003710.6373807298,936633.1381664581,988835.361481502,1080563.4287213958,925581.0087798698,979697.8096571362
2023-01-24,1014998.5637737465,1007754.1441308366,936031.9616413421,1003382.007801845,1084468.9564923919,931684.7599121375,982739.2634190051
2023-01-25,1015796.4601551247,1008212.3158570634,934934.8076267547,999270.9460838579,1083118.6174401916,930856.0234293841,983027.056159072
2023-01-26,1023327.7606464577,1012931.8327084886,940480.2528972931,1000046.0643318438,1085151.9461812652,933600.0415222734,989015.7397252074
2023-01-27,1019203.0692783546,1017723.7710019456,940092.7061214752,996602.9024666094,1083261.766444174,936765.1467551566,989850.8962769475
2023-01-30,1017294.5139843178,1009063.4985123979,931721.795236618,988391.8274652438,1071407.854564543,928376.6148742957,982247.7739590016
2023-01-31,1026139.4926335793,1025310.7028466569,945205.4023456878,1009370.1799019903,1086941.9439161972,947734.9632526103,992996.0191515884
2023-02-01,1022022.0518910866,1026496.6803513871,947611.755544693,1005068.8643063635,1084531.7857378677,954204.3626876865,993197.6675246205
2023-02-02,1019664.6550252419,1021453.6943150865,958123.6698475189,1017223.693282041,1074610.8458307937,959362.1107736664,992060.9487897343
2023-02-03,1015404.406245945,1017534.4418584214,946913.1102352447,1003451.2877339453,1072559.0898264602,956432.5514053778,988334.0953942464
2023-02-06,1017403.9641835671,1014616.9835797654,942329.1019954986,1005834.8132275671,1070697.9675348953,950067.1596850874,987314.7014181616
2023-02-07,1027455.8536145668,1023469.4627858506,953514.0187664337,1006074.4889287085,1077057.9665583328,953230.265493534,995054.2663993498
2023-02-08,1020600.4748227578,1017485.5920354234,945750.8544254608,993221.9578057531,1072118.1907519058,946425.4324179027,989004.1324260825
2023-02-09,1012156.584560154,1011176.7979852067,938753.5194034881,979428.0267525496,1064824.986539717,941999.170722325,981746.384155627
2023-02-10,1017500.7654836159,1016910.4469567643,941203.955770523,985307.9388657698,1075201.5464800915,947057.9029141607,986681.0794424036
2023-02-13,1027333.303851841,1026982.8416978227,954010.7485294647,999694.6956367887,1083774.300443562,961731.765808523,997653.9600121718
2023-02-14,1025168.4851949196,1023859.9503899919,951093.4782581634,985585.4350873884,1079870.1889933667,955543.712679176,993090.12931214
2023-02-15,1026895.6248891335,1024564.8628178941,952506.1590671844,990735.4462478117,1077899.3008002362,960963.2423276627,994219.9064269615
2023-02-16,1010948.5761144143,1011917.8259831773,938296.5953998871,986263.2887744497,1065698.4324091992,953062.3401420221,981658.191441688
2023-02-17,1016936.9872891884,1014155.4255830155,940172.7537441559,986567.7726365236,1073339.4667529187,954428.1604981731,985440.691594745
2023-02-21,999119.3360898476,988674.5310860978,916957.6767406769,947754.8645018877,1048647.8478907666,921828.1758761811,965132.697602319
2023-02-22,996795.7130658608,987209.3567601548,914673.4841251678,949401.7737011141,1046045.6024294761,920534.6246426785,962671.0398114428
2023-02-23,1002097.4980924111,991719.117757927,919757.3583393402,953472.0018895163,1050480.6527968314,925223.3162752923,965841.1980371374
2023-02-24,987831.7238309365,978387.2053223954,904611.2362194366,946845.840864324,1040601.4684951957,913004.032879783,956024.0403096463
2023-02-27,993550.6171033364,979557.6084748612,907623.868574173,946071.0465432638,1040882.332106417,914166.4176413199,958126.4408129024
